Id,Name,AssetName,Element,Category,Description,ReviewNote
0,Clobber,Clobber,Neutral,Physical,Throws a hefty swing at the enemy.,
1,Glimmer,Glimmer,Neutral,Status,"The user channels magical power through their body, increasing magical attack.",
2,Alarm,Alarm,Neutral,Status,"An intense sonic boom rings out, reducing enemy defenses.",
3,Iron Curl,IronCurl,Neutral,Status,"Caster readies themself for battle, boosting attack and defense.",
4,Cut,Cut,Neutral,Physical,"Lashes out and slashes the enemy, small chance to flinch.",
5,Sharpen,Sharpen,Neutral,Status,"Caster gets ready for a deadly attack, raises physical attack.",
6,Swipe,Swipe,Neutral,Physical,A ferocious slash that could leave some fatally wounded.,
7,Protect,Protect,Neutral,Status,Guards from nearly all enemy attacks.,
8,Purify,Purify,Neutral,Status,Clears the user's body of any negative afflictions.,
9,Blinding Light,BlindingLight,Neutral,Magic,"A bright blast of light, may leave the enemy blinded, with lowered accuracy.","In the generic group, but could be Light"
10,Surprise Attack,SurpriseAttack,Neutral,Physical,"Getting the jump on the enemy, it causes flinch. Only usable on the user's first turn.",
11,Juggle,Juggle,Neutral,Physical,A fun trick turned into a capable attack. High critical-hit chance.,
12,Bright Claws,BrightClaws,Neutral,Physical,A flurry of flashy slashes.,"In the generic group, but could be Light"
13,Stampede,Stampede,Neutral,Physical,"Bulldozes anything in their path, it raises the user's speed.",
14,X-Slash,XSlash,Neutral,Physical,Sharp! This attack slices twice in an X shape. Chance to leave a burn.,"In the generic group, but has a burn chance - could be Fire"
15,Smoke Bomb,SmokeBomb,Neutral,Status,A clever distraction that boosts the caster's ability to evade attacks.,
16,Pep Talk,PepTalk,Neutral,Status,Psychs themself up for battle. Boosting multiple stats but lowering defenses.,
17,Sword Slash,SwordSlash,Neutral,Physical,"Simple to learn, near impossible to master.",
18,Twig Blade,TwigBlade,Grass,Physical,"Small, but pointy, it has a high chance of a critical hit.",
19,Healing Herbs,HealingHerbs,Grass,Status,A blend of healthy herbs. It heals the caster from minor injuries.,
20,Sticky Sap,StickySap,Grass,Status,"Covers the enemy in sap, lowering their speed.",
21,Leaf Spin,LeafSpin,Grass,Physical,"Twirls a leaf, creating a sharp whirling blade.",
22,Crush Root,CrushRoot,Grass,Physical,Smashes the enemy with a robust root.,
23,Vine Snare,VineSnare,Grass,Physical,Entangles the enemy in tight vines dealing significant damage.,
24,Shroom Shield,ShroomShield,Grass,Status,"A fungus defense that blocks the incoming attack, with a chance to boost the user's defense.",
25,Seed Sling,SeedSling,Grass,Physical,Shoots sharp seeds at the enemy. Chance to flinch the enemy.,
26,Thorn Slice,ThornSlice,Grass,Physical,"Sharp as a sword, with a toxic tip. It may poison the enemy.",
27,Grass Scythe,GrassScythe,Grass,Physical,"The finest blade found in nature, it has a high chance of a critical hit.",
28,Splash Bash,SplashBash,Water,Physical,"A splash that packs a punch, may cause the enemy to flinch.",
29,High Tide,HighTide,Water,Status,"Floods the battlefield, increasing the speed of the caster.",
30,Anchor Bash,AnchorBash,Water,Physical,"A smash of sunken strength, it may cause the enemy to flinch.",
31,Sea Salts,SeaSalts,Water,Status,"Throws a pinch of sea salts into the enemy's eyes, and lowers accuracy.",
32,Rain Rush,RainRush,Water,Physical,"A slippery sprint to the enemy, it usually goes first.",
33,Still Waters,StillWaters,Water,Magic,"Channels the calmness of water, before unleashing a forceful wave.",
34,Submarine,Submarine,Water,Physical,"A swift, powerful strike that dives in and out before the enemy can react.",
35,Cannonball,Cannonball,Water,Physical,"Slams the enemy with oceanic power, the user takes recoil damage.",
36,Sizzle,Sizzle,Fire,Magic,A tiny fireball that singes the target. It may cause burn.,
37,Ignite,Ignite,Fire,Magic,Bursts the user's surroundings into flames. High chance to cause burn.,
38,Searing Claws,SearingClaws,Fire,Physical,"Launches an attack with strong, flaming claws. It may cause burn.",
39,Wildfire,Wildfire,Fire,Magic,"A destructive wave of fire, the user takes recoil damage.",
40,Rocket Burst,RocketBurst,Fire,Physical,"Launches forward with blazing boosters, it usually goes first.",
41,Fireball,Fireball,Fire,Magic,A barrage of burning fireballs that crashes down on the enemy all at once.,
42,Static Shock,StaticShock,Electric,Magic,"Shoots a small shock through their opponent, it may cause paralysis.",
43,Lightning,Lightning,Electric,Magic,"Zaps their opponent with electricity, it may cause paralysis.",
44,Battery Bolt,BatteryBolt,Electric,Magic,"Blasts their opponent with a powerful charge, it may cause paralysis.",
45,Overclock,Overclock,Electric,Status,"Pushing its electric power past the limits, the user's magical attack sharply increases.",
46,Light Lasso,LightLasso,Electric,Status,"Ties the enemy with binding energy, it always causes paralysis.",
47,Charge Cannon,ChargeCannon,Electric,Magic,"Stores up electricity, then unleashes it, also increasing MGK ATK but requires recharge.",
48,Supercharge,Supercharge,Electric,Status,"User takes a turn to focus on charging, boosts attack and magic attack.",
49,Swoop,Swoop,Flying,Physical,"Swoops at the opponent, scratching them.",
50,Talon Slash,TalonSlash,Flying,Physical,Slices at the opponent with sharp claws.,
51,Beak Bomb,BeakBomb,Flying,Physical,"Creates an explosive blast with their beak, it may cause burn.",
52,Early Bird,EarlyBird,Flying,Physical,"Plucks the enemy. It can only be used on the user's first turn, and always goes first.",
53,Flurry Wind,FlurryWind,Flying,Magic,Casts gusts of wind at the enemy dealing incredible damage.,
54,Sky Dance,SkyDance,Flying,Physical,"Disappears into the clouds, then swipes past the enemy at full speed.",
55,Feather Fan,FeatherFan,Flying,Physical,Slashes the enemy with sharpened feathers. It has a high chance of a critical hit.,
56,Quick Jab,QuickJab,Fight,Physical,"An agile attack at their opponent, it usually hits first.",
57,Combo Hit,ComboHit,Fight,Physical,A flurry of quick punches that connects in the blink of an eye.,
58,Heavy Swing,HeavySwing,Fight,Physical,"A powerful blow, it leaves both fighters with weakened defense.",
59,Teardown,Teardown,Fight,Physical,"Destroying anything in their way, the user does huge damage but takes recoil.",
60,Mighty Mash,MightyMash,Fight,Physical,"A heroic show of brute strength, worthy of a protagonist. It also raises the user's attack.",
61,Double Cross,DoubleCross,Fight,Physical,"A back-to-back swipe that catches the enemy off guard, and may leave a burn.",
62,Snicker,Snicker,Dark,Status,"Smiles sinisterly, striking fear in their target. It harshly lowers the opponent's attack.",
63,Low Blow,LowBlow,Dark,Physical,A shady attack is never expected. It has a chance to make the opponent flinch.,
64,Sly Shot,SlyShot,Dark,Physical,"Makes a sneak attack on their opponent, it has a high chance of a critical hit.",
65,First Blow,FirstBlow,Dark,Physical,An often decisive first strike. It can only be used on the user's first turn.,
66,Shadow Box,ShadowBox,Dark,Physical,What's scarier than a fist? A fist you can't see. High critical-hit chance.,
67,Hijinx,Hijinx,Dark,Status,"A cheeky trick, high chance to lower enemy stats but low accuracy.",
68,Tail Trap,TailTrap,Dark,Status,"Creates a tripwire with their tail, the opponent's speed is harshly decreased.",
69,Dark Bond,DarkBond,Dark,Magic,Deals incredible damage and heals the user but requires recharging.,
70,Dark Toll,DarkToll,Dark,Magic,"Sealing the enemy's fate, the user drains the enemy's stats and health.",
71,Bite,Bite,Poison,Physical,The user lashes out at the enemy in a fit of tooth and fang. Enemy may flinch.,"In the Poison group, but reads like Dark"
72,Ink Spray,InkSpray,Poison,Status,"Blinds their opponent with ink, lowering their accuracy.",
73,Plague,Plague,Poison,Status,"A vile concoction, the user poisons their opponent.",
74,Furball,Furball,Poison,Physical,Ewww. It may lower the enemy's speed.,
75,Toxic Maw,ToxicMaw,Poison,Physical,"A vile bite, oozing with poison. It may cause poison.",
76,Corrosion,Corrosion,Poison,Status,"Corrodes its own body for power. Sharply raises attack, lowers its defenses, and hurts the user.",
77,Poison Puff,PoisonPuff,Poison,Magic,"A breath of toxic fumes, it may cause poison.",
78,Old Habit,OldHabit,Poison,Physical,"A move made from pure instinct, without thinking about it at all.","In the Poison group, but reads like Neutral"
79,Acid Storm,AcidStorm,Poison,Magic,"Rains acid everywhere, it leaves the battlefield covered in acid, poisoning the enemy.",
80,Dragon Fire,DragonFire,Dragon,Magic,"Breathes the flames of a dragon, it may cause burn.",
81,Sharp Scale,SharpScale,Dragon,Physical,"A dragon's scales are used for many things, including slashing.",
82,Draco Jaw,DracoJaw,Dragon,Physical,Snaps at the enemy with its mighty fangs. May cause flinching.,
83,Dragon Greed,DragonGreed,Dragon,Magic,"Always after gold, the user steals life energy from the enemy.",
84,Fierce Gaze,FierceGaze,Dragon,Status,"Strikes fear into the enemy, lowering attack and defense, but sharply raising their speed.",
85,Hydra Blast,HydraBlast,Dragon,Magic,"The user usually attacks last, but does great damage in return.",
86,Peek-a-boo,PeekABoo,Fairy,Physical,"An ancient technique, it usually hits first.",
87,Simple Spell,SimpleSpell,Fairy,Magic,"A simple spell, yet quite unbreakable.",
88,Sweet Song,SweetSong,Fairy,Magic,"Sings to their opponent with grace, it may leave them with decreased attack.",
89,Heavy Heart,HeavyHeart,Fairy,Physical,Slams their opponent with the weight of love.,
90,Envelop,Envelop,Ghost,Status,"Emits a pulse of dark energy, covering everything in sight in darkness. Boosts caster's evasion.",
91,Hades Fist,HadesFist,Ghost,Physical,Unleashes a swift and powerful strike with technique passed down from the underworld. High critical-hit chance.,
92,Haunt,Haunt,Ghost,Magic,"The enemy suddenly takes damage despite the caster not moving, potentially lowering their defense stats.",
93,Shadow Rend,ShadowRend,Ghost,Status,"User becomes slightly transparent, allowing them to blend in with their environment. Boosts evasion.",
94,Siren Screech,SirenScreech,Ghost,Magic,A hideous sound bellows out from all around; enemies wince in pain as they take damage. High critical-hit chance.,
95,Ecliptal Scythe,EcliptalScythe,Ghost,Physical,"Rakes the enemy with a crescent scythe, potentially causing enemies to flinch.",
96,Soul Drain,SoulDrain,Ghost,Magic,"Drains the life force of the enemy, restoring health to the user and potentially inflicting the enemy with burn.",
97,Frostbite,Frostbite,Ice,Physical,"The user slashes at the enemy with icy claws, potentially lowering the enemy's speed.",
98,Glacier Crush,GlacierCrush,Ice,Physical,"The user summons the power of a glacier to crush the opponent, dealing heavy damage.",
99,Blizzard Rush,BlizzardRush,Ice,Magic,"Unleashes a powerful ice attack at the enemy, potentially flinching them.",
100,Frost Nova,FrostNova,Ice,Magic,"Creates a freezing explosion of frigid air, dealing heavy damage and potentially burning the enemy.",
101,Glacial Embrace,GlacialEmbrace,Ice,Status,"The user envelops itself in a healing aura of ice, restoring its health and clearing status effects.",
102,Ice Pick,IcePick,Ice,Physical,A quick striking ice move that yeets a sharp ice pick at the enemy. Usually goes first.,
103,Frozen Chains,FrozenChains,Ice,Magic,"The user envelops the enemy in icy chains, dealing some damage and harshly lowering speed.",
104,Empyrean Flame,EmpyreanFlame,Fire,Magic,"The user erupts a massive blast of fire, dealing incredible damage and healing significantly.",Sits between the Ice and Light groups - Fire or Light
105,Prism Bolt,PrismBolt,Light,Magic,Splits a beam through a facet of light and fires every color at once.,
106,Halo Ring,HaloRing,Light,Magic,Drops a ring of hard light over the enemy. It may dull their magical guard.,
107,Starfall,Starfall,Light,Magic,"Calls down a short, bright rain of falling stars.",
108,Radiance,Radiance,Light,Magic,Everything the caster has stored comes out at once as raw light.,
109,Spirit Palm,SpiritPalm,Fight,Magic,Pushes a compressed ball of fighting spirit out through an open palm.,
110,Aura Burst,AuraBurst,Fight,Magic,"Releases the caster's aura in one wide, heavy push.",
111,Meditate,Meditate,Fight,Status,"The caster breathes, settles, and sharpens both its guard and its focus.",
112,Wisp Lantern,WispLantern,Fairy,Status,A drowsy little light bobs closer than it should. It may put the enemy to sleep.,
113,Moonlit Waltz,MoonlitWaltz,Fairy,Magic,"Leads the enemy through a dance it never agreed to, and may leave it dizzy.",
114,Charm Circle,CharmCircle,Fairy,Status,"Rings the caster in soft charms, lifting magical defense and speed.",
115,Spore Cloud,SporeCloud,Grass,Magic,Coughs up a thick cloud of spores. It may poison the enemy.,
116,Bloom Burst,BloomBurst,Grass,Magic,Forces a whole season of growth into one second and lets it go.,
117,Tide Call,TideCall,Water,Magic,Pulls the water out of the air and drops all of it on the enemy at once.,
118,Abyssal Pull,AbyssalPull,Dark,Magic,Something deep and unlit takes hold of the enemy and drags. It may lower their speed.,
119,Night Terror,NightTerror,Dark,Magic,Shows the enemy the worst thing it can imagine. It may put them to sleep.,
120,Void Lash,VoidLash,Dark,Physical,Cracks a whip made of nothing at all across the enemy.,
121,Gale Slice,GaleSlice,Flying,Magic,Throws a thin blade of wind sharp enough to cut clean through.,
122,Cyclone,Cyclone,Flying,Magic,Spins the air into a column and drops the enemy inside it. It may cause a flinch.,
123,Updraft,Updraft,Flying,Status,"Catches a rising current, raising the caster's speed and evasion.",
124,Hailstone,Hailstone,Ice,Physical,Hurls a packed fist of hail hard enough to sting.,
125,Permafrost,Permafrost,Ice,Magic,Freezes the ground under the enemy. It may lower their speed.,
126,Grave Grasp,GraveGrasp,Ghost,Physical,Cold hands come up out of the floor and take hold. It may lower the enemy's speed.,
127,Wailing Veil,WailingVeil,Ghost,Magic,A grieving sound wraps the enemy. It may shake their magical attack.,
128,Scale Ram,ScaleRam,Dragon,Physical,Lowers a plated shoulder and simply goes through the enemy.,
129,Wyrm Breath,WyrmBreath,Dragon,Magic,"Old, heavy breath from something that has been alive far too long.",
130,Cinder Fang,CinderFang,Fire,Physical,Bites down with teeth hot enough to sear. It may cause burn.,
131,Heat Haze,HeatHaze,Fire,Status,"The air around the caster warps, making it faster and harder to pin down.",
132,Coil Strike,CoilStrike,Electric,Physical,Winds up a charged limb and snaps it out. It may cause paralysis.,
133,Venom Rake,VenomRake,Poison,Physical,Rakes the enemy with something that was dipped in something worse. It may poison them.,
134,Grave Chill,GraveChill,Ghost,Magic,The air goes cold around the enemy. Its footing and its guard both give way.,Could be Ice
135,Heartwood,Heartwood,Grass,Status,"Draws sap up from deep roots, closing wounds and hardening bark.",
136,Wisp Flame,WispFlame,Fire,Status,A pale flame drifts over and settles on the enemy. It often burns.,Could be Ghost
137,Stoke,Stoke,Fire,Status,"The caster fans its own fire, raising both of its attack stats.",
138,Live Wire,LiveWire,Electric,Physical,Lashes out with a limb still carrying current. It may cause paralysis.,
139,Black Current,BlackCurrent,Electric,Magic,Sends a charge through the dark itself and out the other side of the enemy.,Could be Dark
140,Talon Fall,TalonFall,Flying,Physical,Drops out of the sky with every claw out at once.,
141,Bramble Lash,BrambleLash,Grass,Physical,Throws out a long thorned runner and drags it back. It may lower the enemy's speed.,
142,Toxin Coat,ToxinCoat,Poison,Status,"The caster sweats a fresh coat of venom, sharpening its attack and shrugging off its own status.",
